id,calculation_or_output,inputs,formula_or_method,unit,rounding_precision,structure_families,native_equivalent_or_consumer,automatic_handover_safe,mapping_classification,required_verification,failure_unknown_behaviour,source_evidence_status,evidence
C01,Width/length partition,total dimension and pitch,"extent=round(total*1000); pitch=round(step*1000); iterate min(pitch,remaining), store start/size/partial",m; count,Integer mm; JS Math.round at ingestion,All; transverse partition only Venlo,Native bays/bay uniform plus single odd replacement; no residual arrays,No currently activated automatic handover; study/context only until a separately verified definition,Requires new definition,Conservation; short residual; exact multiples; >0 pitch before loop,Zero pitch can hang; imported families unvalidated; native must reject before iteration,Observed r10 prototype method; not engineering or supplier acceptance,R10 partition 1144; N2 len/count
C02,Nearest whole-grid alternatives,extent/pitch,"distinct(max(pitch,floor(total/step)*step),ceil(total/step)*step), rounded 0.001 m",m,JS float ratio then mm rounding,All; width alternatives Venlo,No current native alternative suggestion,No currently activated automatic handover; study/context only until a separately verified definition,Informational,Below one pitch; exact multiple; preserve original input,Suggestions only; do not change entered dimension silently,Observed r10 prototype method; not engineering or supplier acceptance,R10 nearestWhole 1149
C03,Total physical width,Venlo/Quonset width or Gothic/Sawtooth span*spans,Direct entered width or product,m,JS Number in r10; rational possible native,All,facts.width=spans*span excluding wallSpans,No currently activated automatic handover; candidate needs explicit semantic/profile review,Derived,Axes and envelope match; no residual ceil or motor-group substitution,Ambiguous physical module means no quantity proposal,Observed r10 prototype method; not engineering or supplier acceptance,R10 calculate*; N2 w
C04,Floor area,"physical width,length",W*L,m2,Unrounded Number; display 1 decimal,All,"Native facts.area=floor(W*L), not same rounding",No currently activated automatic handover; candidate needs explicit semantic/profile review,Derived,Separate unrounded study and source floor area; boundary below integer,Invalid input unavailable; never substitute formatted value,Observed r10 prototype method; not engineering or supplier acceptance,R10 calculate*; N2 area
C05,Venlo roof rise / peak,"width partitions,pitch,gutter",rise_i=w_i/4*tan(pitch*pi/180); peak=gutter+max(rise_i),m,Approximate tan; peak display 3 decimals,Venlo,Nominal native roof diagram only; no quantity output,No currently activated automatic handover; study/context only until a separately verified definition,Informational,Two peaks/module; residual module reshape explicitly labelled,No structural-profile approval; r10 assumes valid UI ranges,Observed r10 prototype method; not engineering or supplier acceptance,R10 calculateVenlo/drawVenloFront
C06,Venlo roof cross-section / volume,"width segments,pitch,gutter,length",roofCross=sum(w_i^2*tan(pitch)/8); volume=(W*gutter+roofCross)*L,m2 / m3,Number; volume display 1 decimal,Venlo,No native volume consumer; floor area does not imply motor area,No currently activated automatic handover; study/context only until a separately verified definition,Informational,Analytic triangles; partial modules; independent oracle,Invalid inputs must suppress output; no load/performance inference,Observed r10 prototype method; not engineering or supplier acceptance,R10 calculateVenlo
C07,Quonset rise / radius / centre / angle,"width W,sidewall s,ridge r",h=r-s; a=W/2; R=(a*a+h*h)/(2*h); centre=s+h-R; theta=acos((R-h)/R),m / rad,Approximate acos; 1e-6 m domain tolerance in r10,Quonset,None; Arch enum supplies no circular-profile semantics,No currently activated automatic handover; study/context only until a separately verified definition,Informational,h=0; semicircle; h>a; shallow segment cancellation,r10 structure invalid for h<=0 or h>a+1e-6; null dependent geometry,Observed r10 prototype method; not engineering or supplier acceptance,R10 calculateQuonset
C08,Quonset hoop arc / cross-section / volume,"radius,theta,halfwidth,rise,sidewall,length",arc=2*R*theta; segment=R^2*theta-(R-h)*a; volume=(W*s+segment)*L,m / m2 / m3,"Approximate; arc 3 decimals, volume 1",Quonset,No hoop stock/structural quantity consumer,No currently activated automatic handover; study/context only until a separately verified definition,Informational,Semicircle analytic values; shallow profile numerical stability,null when structure invalid; no hoop procurement conversion,Observed r10 prototype method; not engineering or supplier acceptance,R10 calculateQuonset
C09,Quonset screen chord,"screen elevation z,sidewall s,ridge r,radius R,centre c",W below/equal spring; else 2*sqrt(R^2-(z-c)^2),m,Approximate sqrt above spring; r10 1e-6 m elevation tests,Quonset,"Not groupWidth, physical width or clothWidth",No currently activated automatic handover; study/context only until a separately verified definition,Requires new definition,At spring/ridge and both sides; 8 m semicircle independent cases,Screen must be >0 and <ridge-1e-6; invalid opening sentinel -1 in source must become unavailable native,Observed r10 prototype method; not engineering or supplier acceptance,R10 calculateQuonset
C10,Quonset hoop count,longitudinal sections,lengths.length+1,frames,Integer count,Quonset,No native frame count; not motors/down/bays blindly,No currently activated automatic handover; study/context only until a separately verified definition,Informational,End stations and residual extra station,Count can exist with invalid geometry in r10; native contextual only,Observed r10 prototype method; not engineering or supplier acceptance,R10 calculateQuonset
C11,Gothic rise / ridge / profile ordinate,"span,roofAngle,gutter,crown k=0.35,x","rise=span/2*tan(angle); ridge=gutter+rise; y=rise*((2-k)*t-(1-k)*t*t), t=mirrored x/(span/2)",m,Approximate tan; polynomial study curve,Gothic,No native Gothic profile or slope quantity,No currently activated automatic handover; study/context only until a separately verified definition,Informational,Endpoint/crown/symmetry; equivalent angle not physical roof tangent,R10 assumes UI validity; native validates all inputs,Observed r10 prototype method; not engineering or supplier acceptance,R10 gothicRelativeY/calculateGothic
C12,Gothic profile area / volume,"span,rise,k,spans,gutter,length",profileArea=span*rise*((2-k)/2-(1-k)/3); volume=(totalWidth*gutter+spans*profileArea)*L,m2 / m3,Number with approximate rise; display volume 1,Gothic,None,No currently activated automatic handover; study/context only until a separately verified definition,Informational,Analytic quadratic integral independent of source,No structural or thermal performance inference,Observed r10 prototype method; not engineering or supplier acceptance,R10 calculateGothic
C13,Gothic roof arc,"span,rise,crown factor","2*sum(hypot(dx,dy)) over 96 equal half-span segments",m,Polyline approximation; display 3 decimals; drawing uses 48 full-span segments,Gothic,No roof stock/cloth length consumer,No currently activated automatic handover; study/context only until a separately verified definition,Informational,Independent integration/convergence; native change versioned,No estimate of discretisation error in r10; native unavailable if convergence fails,Observed r10 prototype method; not engineering or supplier acceptance,R10 calculateGothic/drawGothicFront
C14,Sawtooth rise / maximum height / slope,"span,pitch,eave",rise=span*tan(pitch); maximum=eave+rise; slope=span/cos(pitch),m,Approximate trig; maximum 2/slope 3 display decimals,Sawtooth,No current family/roof quantity equivalent,No currently activated automatic handover; study/context only until a separately verified definition,Informational,Triangle analytic comparisons and domain bounds,Source assumes UI pitch bounds; native reject nonfinite/out-of-domain,Observed r10 prototype method; not engineering or supplier acceptance,R10 calculateSawtooth
C15,Sawtooth volume,"spans,span,rise,eave,length",(totalWidth*eave+spans*0.5*span*rise)*L,m3,Number; display 1 decimal,Sawtooth,No volume consumer,No currently activated automatic handover; study/context only until a separately verified definition,Informational,Repeated triangle plus wall rectangle,Invalid structure must not appear as approved numeric result,Observed r10 prototype method; not engineering or supplier acceptance,R10 calculateSawtooth
C16,Gross vent area / floor ratio,"ventHeight,length,spans,span",area=ventHeight*L*spans; ratio=100*area/(totalWidth*L),m2 / percent,Number; display area 1/ratio 2 decimals,Sawtooth,No native vent/performance/motor consumer,No currently activated automatic handover; study/context only until a separately verified definition,Informational,ratio=100*ventHeight/span; zero divisors; vent<rise,Not effective aerodynamic area; source computes even when vent geometry invalid,Observed r10 prototype method; not engineering or supplier acceptance,R10 calculateSawtooth
C17,Frame lines,longitudinal sections,lengths.length+1,count,Integer,Gothic/Sawtooth,No native frame component rule,No currently activated automatic handover; study/context only until a separately verified definition,Informational,End station/residual consistency,No frame bill of materials or engineering release,Observed r10 prototype method; not engineering or supplier acceptance,R10 calculateGothic/calculateSawtooth
C18,Opening basis / standard opening / widest opening,"module/span/chord,allowance mm",opening=actual transverse section or chord - allowance/1000; standard uses nominal module/span; max across widths,m internally / mm display,Decimal linear or approximate chord; display mm 1,All,Not exact clothWidth C70; not cut G70 or drive deduction C97,No currently activated automatic handover; study/context only until a separately verified definition,Requires new definition,Allowance subtracted once; residual opening >0; datum/orientation,Nonpositive opening blocks; standard nominal can differ from actual residual; avoid source negative sentinel,Observed r10 prototype method; not engineering or supplier acceptance,R10 finaliseSpanModel/calculateQuonset; N2
C19,Panel identity / count,"width sections,length sections",Cartesian product; Wnn-Lnn or Q-Lnn; count=number of cells,panels,Integer,All,Native count=bays*groups-odd adjustment; not same topology,No currently activated automatic handover; study/context only until a separately verified definition,Requires new definition,Multiplicity and stable snapshot-grid identity; layers fixed one,Never map to motors/across/down or CE-LINE positions,Observed r10 prototype method; not engineering or supplier acceptance,R10 buildSpanPanels/calculateQuonset; N2 count/motorCount
C20,Panel longitudinal study length,"actual longitudinal section,overlength",sectionLength*(1+overlength/100),m / mm,Unrounded Number; display mm 1,All,"Native cut=ceil0.1(groupWidth/(1-shrink)+2*overhang), transverse",No currently activated automatic handover; study/context only until a separately verified definition,Requires new definition,Axis contrast and extra-screen distinct rounding; 4.5*1.01=4.545,Study dimension excludes hems/seams; no finished cut claim,Observed r10 prototype method; not engineering or supplier acceptance,R10 buildSpanPanels; N2 cut/extra
C21,Grouped panel schedule,panels and rounded structural width/section length keys,Group on integer-mm width:length; increment quantity; standard/width residual/length residual/corner labels,mm; panels,Group key mm; opening and study mm 1,All,143 positions are parts/rules not panel rows; five extras not generic bins,No currently activated automatic handover; study/context only until a separately verified definition,Requires new definition,Group totals; one-panel-across fixed assumption; no stale ID reuse,Unknown supplier extras mean preliminary schedule only,Observed r10 prototype method; not engineering or supplier acceptance,R10 buildSpanPanels/finaliseSpanModel
C22,Scheduled net length,all panel studyLength values,sum(panel.studyLength); equivalent to width-section count*L*(1+overlength/100) under source assumptions,linear m,Number accumulation; display/export 3 decimals,All,No equivalent; native cloth is m2 and cut across groups,No currently activated automatic handover; study/context only until a separately verified definition,Requires new definition,Default 484.8; long/corner residual cases; axis/unit checks,Source can retain positive totals even invalid geometry; native suppress affected result,Observed r10 prototype method; not engineering or supplier acceptance,R10 finaliseSpanModel/calculateQuonset; N2 cloth
C23,Scheduled length plus roll allowance,"netScheduled,waste",netScheduled*(1+waste/100),linear m,Number; display/export 3 decimals,All,"Not cloth m2, LS wire rolls or procurement roll count",No currently activated automatic handover; study/context only until a separately verified definition,Requires new definition,Default 509.04; unknown/failed roll qualification,Failed roll: display/export total unavailable; unknown roll: assumption only,Observed r10 prototype method; not engineering or supplier acceptance,R10 summary/CSV/finaliseSpanModel
C24,Standard-blank basis,"nominal spacing,overlength,count,waste",spacing*(1+overlength/100)*count*(1+waste/100),linear m,Number; display/export 3 decimals,All,No equivalent; not net of residuals and not native cut count,No currently activated automatic handover; study/context only until a separately verified definition,Requires new definition,Default 534.492 vs 509.04; explain excess from nominal lengths,Failed roll withheld; unknown roll assumed; never approved procurement,Observed r10 prototype method; not engineering or supplier acceptance,R10 finaliseSpanModel/summary
C25,Roll known / fit,"widest opening,usable rollWidth",Known finite >0; maxOpening*1000 <= rollWidth+0.0001,status,R10 tolerance 0.0001 mm; Quonset additionally requires validOpening,All,Native sheet>=clothWidth is a different axis/rule; roll=LS wire length,No currently activated automatic handover; study/context only until a separately verified definition,Requires new definition,Unknown/exact fit/fail; approximate chord uncertainty; actual usable width,Unknown null; false must not become approved; source non-Quonset fit can be evaluated on invalid geometry,Observed r10 prototype method; not engineering or supplier acceptance,R10 finaliseSpanModel/calculateQuonset
C26,Geometry validity,family input and cross-field constraints,Quonset rise/screen bounds; Sawtooth vent<rise-1e-6; Venlo/Gothic structureValid true under UI assumption,status,Source mixed 1e-6 m checks,All,Native numeric bounds/drive/cloth lookup are separate validity,No currently activated automatic handover; study/context only until a separately verified definition,Informational,Full strict DTO and active domain cases incl imports,Do not inherit r10 valid flag from untrusted payload or permissive family default,Observed r10 prototype method; not engineering or supplier acceptance,R10 calculate*/statusModel
C27,Grid conformity and schedule eligibility,"partial flags,gridMode,validOpening",gridConforming=no residual; fabricationAllowed=validOpening && (not whole || gridConforming),status,Exact flags after mm partition,All,No fabrication approval or receiving eligibility equivalent,No currently activated automatic handover; study/context only until a separately verified definition,Informational,"Whole grid, custom, roll failure; rename preliminary schedule eligibility",R10 permits CSV despite failed roll and all supplier unknowns; native clear status,Observed r10 prototype method; not engineering or supplier acceptance,R10 calculate*/summary
C28,Scenario metric deltas,"mutable baseline metrics,current results",current-baseline for area/volume/width/height/panels/opening/material lengths,mixed units,Per metric 0/1/2/3 display decimals; delta near 1e-9 neutral,All,Native compares immutable evidence and B/C/N quantities/targets,No currently activated automatic handover; study/context only until a separately verified definition,Informational,Exact run IDs; comparable units/families; unavailable states,"Current source suppresses only roll-fail totals, not all invalid geometry; native no invalid deltas",Observed r10 prototype method; not engineering or supplier acceptance,R10 currentComparisonSnapshot/renderScenarioComparison; N4
C29,Stable configuration signature,active family/geometry/common screen basis,32-bit FNV-like JSON.stringify hash to 8 hex digits,hex,32-bit; object order; no cryptographic collision resistance,All,Native SHA256 canonical calculation/proposal/evidence hashes,No currently activated automatic handover; study/context only until a separately verified definition,Unsupported,Domain-tagged versioned canonical hash; historical signatures never trusted,No identity/security/receipt use; project/view/source version omitted,Observed r10 prototype method; not engineering or supplier acceptance,R10 stableSignature; N2 hash
C30,Front elevation,"profile/grid,height,mechanics,vents,dimensions",Family-specific scaled SVG; Venlo double peaks; Quonset 72 curve segments; Gothic 48; Sawtooth single slopes,SVG coordinates / labelled m/mm,DOM-sized sheet; notation enlarged and NTS,All,Existing schematic cross-section differs; not structural drawing,No currently activated automatic handover; study/context only until a separately verified definition,Informational,"Consistent dimensions, conventions, screen plane and source status",Invalid family must not draw an apparently approved geometry; numeric equivalent needed,Observed r10 prototype method; not engineering or supplier acceptance,R10 drawing/draw*Front; N6
C31,Side elevation,"length sections,height envelope,view flags",Frame/hoop stations and selected longitudinal section; vents/purlins schematic,SVG coordinates / m,DOM-sized sheet; fixed visual offsets,All,Native bay section explains quantity mechanics rather than full elevation,No currently activated automatic handover; study/context only until a separately verified definition,Informational,Residual station; declared symbolic members and heights,No engineered member size/count inferred from symbols,Observed r10 prototype method; not engineering or supplier acceptance,R10 draw*Side; N6
C32,Plan and selected section,"partitions,opening,selected index,transform",Draw grid and selected rectangle; hit-test uses planMap; source currently wrong full-height transform,SVG coordinates / m; ID,Viewport scale/pan; click disabled when zoom>1,All,Native plan grouping differs; panel grid not motor grid,No currently activated automatic handover; study/context only until a separately verified definition,Informational,W08-L14 negative control; keyboard/click equivalence across transforms,Current observed selection wrong; fix natively not in issued r10,Observed r10 prototype method; not engineering or supplier acceptance,R10 draw*Top/bindPlanSelection; audit browser evidence
C33,Technical title block/legend,"native-equivalent context,source signature,view,sheet",r10 labels project/prepared/CFG/R10/NTS/STUDY with clipped display strings,text,Viewport-dependent compact/full layout; truncation,All,Native run context/evidence metadata,No currently activated automatic handover; study/context only until a separately verified definition,Informational,Actual run sequence distinct from source r10; complete accessible context,Never use typed preparedBy as authenticated reviewer; cannot imply formal issue,Observed r10 prototype method; not engineering or supplier acceptance,R10 drawing/titleBlock; N3/N5
C34,SVG export,current rendered SVG/views dimensions,"clone; set full viewBox,width,height,xmlns; serialize XML",SVG file,Current DOM layout not canonical physical sheet,All,Native exact-run export needs safe typed serializer,No currently activated automatic handover; study/context only until a separately verified definition,Informational,"Viewport-independent canonical drawing export, no scripts/external URL, hash manifest",Current mutable state export not historical evidence; fit must remove pan crop,Observed r10 prototype method; not engineering or supplier acceptance,R10 data-export listener; N5
C35,Panel CSV export,project/state/geometry/schedule/results,"quoted rows; mm toFixed(1), lm toFixed(3); enabled by fabricationAllowed",CSV,Display rounding; BOM/CRLF,All,Not native estimate/MYOB import or part order,No currently activated automatic handover; study/context only until a separately verified definition,Informational,Safe formula-leading metadata; explicit unknown/fail and basis; exact saved run,Geometric study only; imported text untrusted; no supplier rule implied,Observed r10 prototype method; not engineering or supplier acceptance,R10 csvCell/exportCuts listener
C36,Portable JSON/local browser storage,"project,state,all families,selection,baseline",JSON payload schema/savedAt; load/import applies defaults and object spreads,JSON,Raw JS numbers; no immutable history/hash,All,PostgreSQL immutable native snapshots and receipts,No currently activated automatic handover; study/context only until a separately verified definition,Unsupported,Initial increment has no restore; any future import strict scoped preview,Unvalidated families can hang partition; never accept source actor/hash/approval,Observed r10 prototype method; not engineering or supplier acceptance,R10 configPayload/applyImported/loadLocalIfPresent
C37,Native cloth quantities (rejected r10 substitutions),"native groups,wallSpans,bays,shrink,overhang,cloth lookup",Native count*ceil0.1(groupWidth/(1-shrink)+2*overhang)*clothWidth; extras round before overhang,m2 / m,Existing exact rational/floor/up policy,Existing recovered family only; not validated by r10 roof,CE-LINE-223/224/225/227-231; manual/gates retained,No currently activated automatic handover; study/context only until a separately verified definition,Requires new definition,All 143 quantities unchanged without mapping; independent Appendix E golden set,No panel count/opening/net lm direct injection; unapproved family stays study only,Observed r10 prototype method; not engineering or supplier acceptance,N2 engine; G1 ADR-0034
C38,Native wire/drive/motor quantities (no r10 equivalent),"native drive groups,available width,spacing,bed/wire inputs,cloth/motor area",Existing exact rules; drives=(round((groupWidth-deduction)/target)+1)*groups*down; motor count=across*down; recovered torque bands,m / rolls / each / Nm,Existing exact rounding/bands,Current recovered rules; separate support evidence,CE-LINE-240 onward; source manual finals and REV/WAS findings,No currently activated automatic handover; study/context only until a separately verified definition,Unsupported,No profile-to-drive alias; no frame/panel-to-motor mapping; preserve manual finals,No structural adequacy or motor selection from geometry; source unresolved stays unresolved,Observed r10 prototype method; not engineering or supplier acceptance,N2 recoveredTorque/engine; N4 policy
