id,module,field_family,ppo_purpose,myob_screen_candidate,myob_field_candidate,myob_usage_status,myob_observed_screen,myob_observed_field,api_entity_path,api_status,vendor_example_path,ppo_destination,ppo_destination_status,company_context,data_type,required_when,allowed_values,units_currency,authority,direction,validation,transform,evidence_status,evidence_ref,verified_at,approved_by,approval_ref,source_ids,discovery_question,next_action
MYOB-001,Shared,Customer account identifier,Link organisation to the exact billing account.,Customer account screen — to confirm,Customer/account identifier,Unknown — not observed,,,,Not verified,Customer.CustomerID.value,ErpAccountMapping.customer_id,Logical contract,Connection + tenant/company + entity + external key; branch where required,Text,Before the linked workflow relies on this information,Installed source values to confirm; no guessed source enums,"Explicit source UOM, ISO currency and tax basis where applicable",MYOB,MYOB → PPO,"Preserve leading zeros; qualify by connection, company and entity.",Preserve source value and key; validate and apply only an explicitly approved mapping/conversion.,Proposed,,,,,SRC-02,"Is customer account identifier used in the installed MYOB process, and which exact field/API representation supplies it?","Observe representative use, capture redacted evidence, confirm the endpoint contract and test in the approved non-production environment."
MYOB-002,Shared,ERP connection and company,Prevent cross-company account linkage.,Tenant/company context — to confirm,Connection / company / branch scope,Unknown — not observed,,,,Not verified,,ErpAccountMapping.erp_connection_id + erp_company_id,Logical contract,Connection + tenant/company + entity + external key; branch where required,Qualified reference,Before the linked workflow relies on this information,Installed source values to confirm; no guessed source enums,"Explicit source UOM, ISO currency and tax basis where applicable",MYOB,MYOB → PPO,Branch is a separate scope dimension; never replace legal company with branch.,Preserve source value and key; validate and apply only an explicitly approved mapping/conversion.,Proposed,,,,,SRC-01,"Is erp connection and company used in the installed MYOB process, and which exact field/API representation supplies it?","Observe representative use, capture redacted evidence, confirm the endpoint contract and test in the approved non-production environment."
MYOB-003,CRM,Account legal name,Display debtor identity alongside the relationship name.,Customer account screen — to confirm,Legal name,Unknown — not observed,,,,Not verified,Customer.CustomerName.value,Organisation.legal_name (reviewed association),Logical contract,Connection + tenant/company + entity + external key; branch where required,Text,Before the linked workflow relies on this information,Installed source values to confirm; no guessed source enums,"Explicit source UOM, ISO currency and tax basis where applicable",MYOB,MYOB → PPO,A changed name does not create or merge an organisation automatically.,Preserve source value and key; validate and apply only an explicitly approved mapping/conversion.,Proposed,,,,,SRC-02,"Is account legal name used in the installed MYOB process, and which exact field/API representation supplies it?","Observe representative use, capture redacted evidence, confirm the endpoint contract and test in the approved non-production environment."
MYOB-004,CRM,Account status,Show whether the billing account can be used.,Customer account screen — to confirm,Active / inactive / hold status,Unknown — not observed,,,,Not verified,,ERP account observation.status,Proposed logical destination,Connection + tenant/company + entity + external key; branch where required,Source enum,Before the linked workflow relies on this information,Installed source values to confirm; no guessed source enums,"Explicit source UOM, ISO currency and tax basis where applicable",MYOB,MYOB → PPO,Obtain the actual enum; credit hold and inactive are not interchangeable.,Preserve source value and key; validate and apply only an explicitly approved mapping/conversion.,Proposed,,,,,SRC-03,"Is account status used in the installed MYOB process, and which exact field/API representation supplies it?","Observe representative use, capture redacted evidence, confirm the endpoint contract and test in the approved non-production environment."
MYOB-005,Finance,Payment terms,Inform commercial review using current terms.,Customer account screen — to confirm,Terms code,Unknown — not observed,,,,Not verified,,ERP account observation.payment_terms,Proposed logical destination,Connection + tenant/company + entity + external key; branch where required,Source code,Before the linked workflow relies on this information,Installed source values to confirm; no guessed source enums,"Explicit source UOM, ISO currency and tax basis where applicable",MYOB,MYOB → PPO,PPO cannot silently change terms or calculate due dates from guessed rules.,Preserve source value and key; validate and apply only an explicitly approved mapping/conversion.,Proposed,,,,,SRC-03,"Is payment terms used in the installed MYOB process, and which exact field/API representation supplies it?","Observe representative use, capture redacted evidence, confirm the endpoint contract and test in the approved non-production environment."
MYOB-006,Finance,Credit status and limit,Make permitted credit context available to Finance.,Customer account screen — to confirm,Credit status / limit,Unknown — not observed,,,,Not verified,,Restricted account context.credit_status,Proposed logical destination,Connection + tenant/company + entity + external key; branch where required,Source status + money,Before the linked workflow relies on this information,Installed source values to confirm; no guessed source enums,"Explicit source UOM, ISO currency and tax basis where applicable",MYOB,MYOB → PPO,Do not expose credit limits to field users; no invented approval threshold.,Preserve source value and key; validate and apply only an explicitly approved mapping/conversion.,Proposed,,,,,SRC-03,"Is credit status and limit used in the installed MYOB process, and which exact field/API representation supplies it?","Observe representative use, capture redacted evidence, confirm the endpoint contract and test in the approved non-production environment."
MYOB-007,Finance,Account currency,Keep foreign-currency accounts and handoffs distinct.,Customer account screen — to confirm,Currency,Unknown — not observed,,,,Not verified,,ERP account observation.currency,Proposed logical destination,Connection + tenant/company + entity + external key; branch where required,ISO currency,Before the linked workflow relies on this information,Installed source values to confirm; no guessed source enums,"Explicit source UOM, ISO currency and tax basis where applicable",MYOB,MYOB → PPO,Validate actual currency code; do not assume AUD for every company.,Preserve source value and key; validate and apply only an explicitly approved mapping/conversion.,Proposed,,,,,SRC-03,"Is account currency used in the installed MYOB process, and which exact field/API representation supplies it?","Observe representative use, capture redacted evidence, confirm the endpoint contract and test in the approved non-production environment."
MYOB-008,CRM,Contact source identifier,Associate a source contact with a PPO Person.,Contacts screen — to confirm,Contact identifier,Unknown — not observed,,,,Not verified,,Person external-reference link,Proposed logical destination,Connection + tenant/company + entity + external key; branch where required,Qualified reference,Before the linked workflow relies on this information,Installed source values to confirm; no guessed source enums,"Explicit source UOM, ISO currency and tax basis where applicable",Unresolved,Decision required,Email and phone are not primary keys; handle shared and changed addresses.,Preserve source value and key; validate and apply only an explicitly approved mapping/conversion.,Proposed,,,,,SRC-02,"Is contact source identifier used in the installed MYOB process, and which exact field/API representation supplies it?","Observe representative use, capture redacted evidence, confirm the endpoint contract and test in the approved non-production environment."
MYOB-009,CRM,Contact display name,Display the correct person across workflows.,Contacts screen — to confirm,Name,Unknown — not observed,,,,Not verified,,Person.display_name,Logical contract,Connection + tenant/company + entity + external key; branch where required,Text,Before the linked workflow relies on this information,Installed source values to confirm; no guessed source enums,"Explicit source UOM, ISO currency and tax basis where applicable",Unresolved,Decision required,Agree which system may change imported names; retain source provenance.,Preserve source value and key; validate and apply only an explicitly approved mapping/conversion.,Proposed,,,,,SRC-02,"Is contact display name used in the installed MYOB process, and which exact field/API representation supplies it?","Observe representative use, capture redacted evidence, confirm the endpoint contract and test in the approved non-production environment."
MYOB-010,CRM,Contact email,Use a reviewed contact method.,Contacts screen — to confirm,Email,Unknown — not observed,,,,Not verified,Customer.MainContact.Email.value,Person.email,Logical contract,Connection + tenant/company + entity + external key; branch where required,Text,Before the linked workflow relies on this information,Installed source values to confirm; no guessed source enums,"Explicit source UOM, ISO currency and tax basis where applicable",Unresolved,Decision required,Validate syntax; an email field does not establish consent or preferred recipient.,Preserve source value and key; validate and apply only an explicitly approved mapping/conversion.,Proposed,,,,,SRC-02,"Is contact email used in the installed MYOB process, and which exact field/API representation supplies it?","Observe representative use, capture redacted evidence, confirm the endpoint contract and test in the approved non-production environment."
MYOB-011,CRM,Contact phone,Support service coordination.,Contacts screen — to confirm,Phone,Unknown — not observed,,,,Not verified,,Person.phone,Logical contract,Connection + tenant/company + entity + external key; branch where required,Text,Before the linked workflow relies on this information,Installed source values to confirm; no guessed source enums,"Explicit source UOM, ISO currency and tax basis where applicable",Unresolved,Decision required,Preserve country code and extension as text; no numeric conversion.,Preserve source value and key; validate and apply only an explicitly approved mapping/conversion.,Proposed,,,,,SRC-02,"Is contact phone used in the installed MYOB process, and which exact field/API representation supplies it?","Observe representative use, capture redacted evidence, confirm the endpoint contract and test in the approved non-production environment."
MYOB-012,Shared,Account location identifier,Relate ERP delivery/billing location to operational site.,Customer locations — to confirm,Location identifier,Unknown — not observed,,,,Not verified,,Account-location-to-Site crosswalk,Proposed logical destination,Connection + tenant/company + entity + external key; branch where required,Qualified reference,Before the linked workflow relies on this information,Installed source values to confirm; no guessed source enums,"Explicit source UOM, ISO currency and tax basis where applicable",MYOB,MYOB → PPO,Many-to-many candidates need explicit review; location code alone is insufficient.,Preserve source value and key; validate and apply only an explicitly approved mapping/conversion.,Proposed,,,,,SRC-02,"Is account location identifier used in the installed MYOB process, and which exact field/API representation supplies it?","Observe representative use, capture redacted evidence, confirm the endpoint contract and test in the approved non-production environment."
MYOB-013,Shared,Delivery address,Plan attendance and distinguish delivery destination.,Customer locations — to confirm,Address / suburb / state / postcode / country,Unknown — not observed,,,,Not verified,Customer.MainContact.Address.AddressLine1.value,Site.address (reviewed association),Logical contract,Connection + tenant/company + entity + external key; branch where required,Structured address,Before the linked workflow relies on this information,Installed source values to confirm; no guessed source enums,"Explicit source UOM, ISO currency and tax basis where applicable",Unresolved,Decision required,Never overwrite an operational site solely because a billing address changed.,Preserve source value and key; validate and apply only an explicitly approved mapping/conversion.,Proposed,,,,,SRC-02,"Is delivery address used in the installed MYOB process, and which exact field/API representation supplies it?","Observe representative use, capture redacted evidence, confirm the endpoint contract and test in the approved non-production environment."
MYOB-014,Shared,Site billing party,"Separate site owner, operator and bill-to party.",Customer/project context — to confirm,Billing customer/location,Unknown — not observed,,,,Not verified,,SiteParty + ErpAccountMapping,Logical contract,Connection + tenant/company + entity + external key; branch where required,Effective reference,Before the linked workflow relies on this information,Installed source values to confirm; no guessed source enums,"Explicit source UOM, ISO currency and tax basis where applicable",Unresolved,Decision required,Effective dates and evidence; new operator does not rewrite historical billing.,Preserve source value and key; validate and apply only an explicitly approved mapping/conversion.,Proposed,,,,,SRC-02,"Is site billing party used in the installed MYOB process, and which exact field/API representation supplies it?","Observe representative use, capture redacted evidence, confirm the endpoint contract and test in the approved non-production environment."
MYOB-015,Shared,Site identity and timezone,Provide addressed horticultural work context.,No ERP equivalent established,Site name / work location,Unknown — not observed,,,,Not verified,,Site.display_name + timezone,Logical contract,Connection + tenant/company + entity + external key; branch where required,Text + IANA timezone,Before the linked workflow relies on this information,Installed source values to confirm; no guessed source enums,"Explicit source UOM, ISO currency and tax basis where applicable",PPO candidate,PPO only / link,MYOB account locations may not contain operational timezone or access details.,Preserve source value and key; validate and apply only an explicitly approved mapping/conversion.,Proposed,,,,,SRC-02,"Is site identity and timezone used in the installed MYOB process, and which exact field/API representation supplies it?","Observe representative use, capture redacted evidence, confirm the endpoint contract and test in the approved non-production environment."
MYOB-016,Shared,Site access and biosecurity,"Support safe, prepared attendance.",No ERP equivalent established,Access / biosecurity information,Unknown — not observed,,,,Not verified,,Site.access_instructions + biosecurity_notes,Logical contract,Connection + tenant/company + entity + external key; branch where required,Restricted text,Before the linked workflow relies on this information,Installed source values to confirm; no guessed source enums,"Explicit source UOM, ISO currency and tax basis where applicable",PPO candidate,PPO only / link,Review controls before dispatch; share only with permitted assigned staff.,Preserve source value and key; validate and apply only an explicitly approved mapping/conversion.,Proposed,,,,,SRC-02,"Is site access and biosecurity used in the installed MYOB process, and which exact field/API representation supplies it?","Observe representative use, capture redacted evidence, confirm the endpoint contract and test in the approved non-production environment."
MYOB-017,Shared,Facility identity and parent site,Locate work within a site.,No ERP equivalent established,Facility / greenhouse / structure,Unknown — not observed,,,,Not verified,,Facility.site_id + parent_facility_id + name,Logical contract,Connection + tenant/company + entity + external key; branch where required,Qualified hierarchy,Before the linked workflow relies on this information,Installed source values to confirm; no guessed source enums,"Explicit source UOM, ISO currency and tax basis where applicable",PPO candidate,PPO only / link,Facility belongs to one site; reject cycles and cross-site parent relationships.,Preserve source value and key; validate and apply only an explicitly approved mapping/conversion.,Proposed,,,,,SRC-02,"Is facility identity and parent site used in the installed MYOB process, and which exact field/API representation supplies it?","Observe representative use, capture redacted evidence, confirm the endpoint contract and test in the approved non-production environment."
MYOB-018,Shared,Growing-area identity,Record the precise crop-production area affected.,No ERP equivalent established,Bay / bench / growing area / irrigation zone,Unknown — not observed,,,,Not verified,,Growing-area link under Site/Facility,Proposed logical destination,Connection + tenant/company + entity + external key; branch where required,Qualified hierarchy,Before the linked workflow relies on this information,Installed source values to confirm; no guessed source enums,"Explicit source UOM, ISO currency and tax basis where applicable",PPO candidate,PPO only / link,Adopt receiving schema before implementation; physical area need not equal irrigation zone.,Preserve source value and key; validate and apply only an explicitly approved mapping/conversion.,Proposed,,,,,SRC-05,"Is growing-area identity used in the installed MYOB process, and which exact field/API representation supplies it?","Observe representative use, capture redacted evidence, confirm the endpoint contract and test in the approved non-production environment."
MYOB-019,Supply Chain,Product/item identifier,"Connect estimate, demand and purchased part to a source item.",Stock/non-stock items — to confirm,Inventory/item identifier,Unknown — not observed,,,,Not verified,SalesOrder.Details[].InventoryID.value,ERP catalogue observation.item_id,Proposed logical destination,Connection + tenant/company + entity + external key; branch where required,Qualified text key,Before the linked workflow relies on this information,Installed source values to confirm; no guessed source enums,"Explicit source UOM, ISO currency and tax basis where applicable",MYOB,MYOB → PPO,Stock and non-stock types must remain distinct; preserve exact external key.,Preserve source value and key; validate and apply only an explicitly approved mapping/conversion.,Proposed,,,,,SRC-06,"Is product/item identifier used in the installed MYOB process, and which exact field/API representation supplies it?","Observe representative use, capture redacted evidence, confirm the endpoint contract and test in the approved non-production environment."
MYOB-020,Estimating,Item description,Describe selected catalogue item.,Stock/non-stock items — to confirm,Description,Unknown — not observed,,,,Not verified,,Estimate catalogue source.description,Proposed logical destination,Connection + tenant/company + entity + external key; branch where required,Text,Before the linked workflow relies on this information,Installed source values to confirm; no guessed source enums,"Explicit source UOM, ISO currency and tax basis where applicable",MYOB,MYOB → PPO,Snapshot source description in the estimate revision; later refresh does not alter issued text.,Preserve source value and key; validate and apply only an explicitly approved mapping/conversion.,Proposed,,,,,SRC-05,"Is item description used in the installed MYOB process, and which exact field/API representation supplies it?","Observe representative use, capture redacted evidence, confirm the endpoint contract and test in the approved non-production environment."
MYOB-021,Supply Chain,Item classification and status,Prevent use of unavailable or inappropriate items.,Stock/non-stock items — to confirm,Type / class / active status,Unknown — not observed,,,,Not verified,,ERP catalogue observation.classification,Proposed logical destination,Connection + tenant/company + entity + external key; branch where required,Source enums,Before the linked workflow relies on this information,Installed source values to confirm; no guessed source enums,"Explicit source UOM, ISO currency and tax basis where applicable",MYOB,MYOB → PPO,Verify actual classes; stock item is not synonymous with installed equipment.,Preserve source value and key; validate and apply only an explicitly approved mapping/conversion.,Proposed,,,,,SRC-05,"Is item classification and status used in the installed MYOB process, and which exact field/API representation supplies it?","Observe representative use, capture redacted evidence, confirm the endpoint contract and test in the approved non-production environment."
MYOB-022,Supply Chain,Base unit of measure,Establish comparable quantities.,Stock/non-stock items — to confirm,Base UOM,Unknown — not observed,,,,Not verified,SalesOrder.Details[].UOM.value,Catalogue source.base_uom,Proposed logical destination,Connection + tenant/company + entity + external key; branch where required,Source unit code,Before the linked workflow relies on this information,Installed source values to confirm; no guessed source enums,"Explicit source UOM, ISO currency and tax basis where applicable",MYOB,MYOB → PPO,"EA, box, metre and hour require an explicit unit dictionary.",Preserve source value and key; validate and apply only an explicitly approved mapping/conversion.,Proposed,,,,,SRC-06,"Is base unit of measure used in the installed MYOB process, and which exact field/API representation supplies it?","Observe representative use, capture redacted evidence, confirm the endpoint contract and test in the approved non-production environment."
MYOB-023,Supply Chain,Purchase/sales unit conversion,Handle fittings per box or cable per roll.,Item units — to confirm,Purchase UOM / sales UOM / conversion,Unknown — not observed,,,,Not verified,,Catalogue source.unit_conversions,Proposed logical destination,Connection + tenant/company + entity + external key; branch where required,Exact decimal + units,Before the linked workflow relies on this information,Installed source values to confirm; no guessed source enums,"Explicit source UOM, ISO currency and tax basis where applicable",MYOB,MYOB → PPO,"Use item-specific effective conversions; prohibit missing, zero or ambiguous conversion factors.",Preserve source value and key; validate and apply only an explicitly approved mapping/conversion.,Proposed,,,,,SRC-05,"Is purchase/sales unit conversion used in the installed MYOB process, and which exact field/API representation supplies it?","Observe representative use, capture redacted evidence, confirm the endpoint contract and test in the approved non-production environment."
MYOB-024,Estimating,Cost basis,Supply an evidenced estimate cost input.,Item/vendor pricing — to confirm,Cost type / amount / currency / effective date,Unknown — not observed,,,,Not verified,,Estimate cost source snapshot,Proposed logical destination,Connection + tenant/company + entity + external key; branch where required,Exact money + basis,Before the linked workflow relies on this information,Installed source values to confirm; no guessed source enums,"Explicit source UOM, ISO currency and tax basis where applicable",MYOB candidate,MYOB → PPO,"Last cost, average cost and supplier quote differ; choose the authorised basis.",Preserve source value and key; validate and apply only an explicitly approved mapping/conversion.,Proposed,,,,,SRC-03,"Is cost basis used in the installed MYOB process, and which exact field/API representation supplies it?","Observe representative use, capture redacted evidence, confirm the endpoint contract and test in the approved non-production environment."
MYOB-025,Estimating,Selling price basis,Use the intended price for this estimate context.,Sales pricing — to confirm,Price / customer / quantity / UOM / currency / validity,Unknown — not observed,,,,Not verified,,Estimate price source snapshot,Proposed logical destination,Connection + tenant/company + entity + external key; branch where required,Exact money + dimensions,Before the linked workflow relies on this information,Installed source values to confirm; no guessed source enums,"Explicit source UOM, ISO currency and tax basis where applicable",MYOB candidate,MYOB → PPO,"Verify quantity breaks, discounts and effective dates; do not refresh an issued quotation.",Preserve source value and key; validate and apply only an explicitly approved mapping/conversion.,Proposed,,,,,SRC-05,"Is selling price basis used in the installed MYOB process, and which exact field/API representation supplies it?","Observe representative use, capture redacted evidence, confirm the endpoint contract and test in the approved non-production environment."
MYOB-026,Finance,Tax classification,Explain whether compared amounts include tax.,Item/customer tax setup — to confirm,Tax category / zone / treatment,Unknown — not observed,,,,Not verified,,Financial source.tax_basis,Proposed logical destination,Connection + tenant/company + entity + external key; branch where required,Source code + definition,Before the linked workflow relies on this information,Installed source values to confirm; no guessed source enums,"Explicit source UOM, ISO currency and tax basis where applicable",MYOB,MYOB → PPO,Finance approves treatment; HTML does not calculate statutory tax or infer exemptions.,Preserve source value and key; validate and apply only an explicitly approved mapping/conversion.,Proposed,,,,,SRC-03,"Is tax classification used in the installed MYOB process, and which exact field/API representation supplies it?","Observe representative use, capture redacted evidence, confirm the endpoint contract and test in the approved non-production environment."
MYOB-027,Supply Chain,Supplier identifier,Relate supplier documents and purchasing to one source vendor.,Vendors — to confirm,Vendor identifier,Unknown — not observed,,,,Not verified,,Supplier external-reference link,Proposed logical destination,Connection + tenant/company + entity + external key; branch where required,Qualified text key,Before the linked workflow relies on this information,Installed source values to confirm; no guessed source enums,"Explicit source UOM, ISO currency and tax basis where applicable",MYOB,MYOB → PPO,Qualify by company; the same trading name is not a duplicate key.,Preserve source value and key; validate and apply only an explicitly approved mapping/conversion.,Proposed,,,,,SRC-05,"Is supplier identifier used in the installed MYOB process, and which exact field/API representation supplies it?","Observe representative use, capture redacted evidence, confirm the endpoint contract and test in the approved non-production environment."
MYOB-028,Supply Chain,Supplier item reference,Match Priva-style controller and luminaire part codes without name guessing.,Vendor item cross-reference — to confirm,Supplier part code / manufacturer code,Unknown — not observed,,,,Not verified,,Product supplier-reference crosswalk,Proposed logical destination,Connection + tenant/company + entity + external key; branch where required,Text,Before the linked workflow relies on this information,Installed source values to confirm; no guessed source enums,"Explicit source UOM, ISO currency and tax basis where applicable",MYOB candidate,MYOB → PPO,Preserve supplier code and vendor identity; example brand use does not assert field availability.,Preserve source value and key; validate and apply only an explicitly approved mapping/conversion.,Proposed,,,,,SRC-05,"Is supplier item reference used in the installed MYOB process, and which exact field/API representation supplies it?","Observe representative use, capture redacted evidence, confirm the endpoint contract and test in the approved non-production environment."
MYOB-029,Supply Chain,Warehouse and bin,Identify the actual source of a part.,Warehouses/locations — to confirm,Warehouse / bin identifier,Unknown — not observed,,,,Not verified,,Material source.warehouse_location,Proposed logical destination,Connection + tenant/company + entity + external key; branch where required,Qualified reference,Before the linked workflow relies on this information,Installed source values to confirm; no guessed source enums,"Explicit source UOM, ISO currency and tax basis where applicable",MYOB,MYOB → PPO,A greenhouse facility is not an ERP warehouse. Verify access to each warehouse.,Preserve source value and key; validate and apply only an explicitly approved mapping/conversion.,Proposed,,,,,SRC-05,"Is warehouse and bin used in the installed MYOB process, and which exact field/API representation supplies it?","Observe representative use, capture redacted evidence, confirm the endpoint contract and test in the approved non-production environment."
MYOB-030,Supply Chain,Stock quantities and availability,Support readiness with an evidenced quantity and timestamp.,Inventory availability — to confirm,On hand / available / allocated / on order,Unknown — not observed,,,,Not verified,,Material availability observation,Proposed logical destination,Connection + tenant/company + entity + external key; branch where required,Exact quantities + UOM + cutoff,Before the linked workflow relies on this information,Installed source values to confirm; no guessed source enums,"Explicit source UOM, ISO currency and tax basis where applicable",MYOB,MYOB → PPO,Keep quantity definitions separate; a read does not reserve stock.,Preserve source value and key; validate and apply only an explicitly approved mapping/conversion.,Proposed,,,,,SRC-05,"Is stock quantities and availability used in the installed MYOB process, and which exact field/API representation supplies it?","Observe representative use, capture redacted evidence, confirm the endpoint contract and test in the approved non-production environment."
MYOB-031,Service,Installed asset identity,Link installed equipment to its source identity.,Equipment/serial records — to confirm,Equipment key / serial / model,Unknown — not observed,,,,Not verified,,Asset.external_equipment_ref + serial + model,Logical contract,Connection + tenant/company + entity + external key; branch where required,Qualified reference + text,Before the linked workflow relies on this information,Installed source values to confirm; no guessed source enums,"Explicit source UOM, ISO currency and tax basis where applicable",Unresolved,Decision required,Do not derive asset identity from serial alone; include site/model and explicit review.,Preserve source value and key; validate and apply only an explicitly approved mapping/conversion.,Proposed,,,,,SRC-02,"Is installed asset identity used in the installed MYOB process, and which exact field/API representation supplies it?","Observe representative use, capture redacted evidence, confirm the endpoint contract and test in the approved non-production environment."
MYOB-032,Service,Asset location,"Retain movement history for pumps, dosing systems and sensors.",Equipment record — to confirm,Installed site / facility,Unknown — not observed,,,,Not verified,,Asset.site_id + facility_id + AssetLocationEvent,Logical contract,Connection + tenant/company + entity + external key; branch where required,Effective reference,Before the linked workflow relies on this information,Installed source values to confirm; no guessed source enums,"Explicit source UOM, ISO currency and tax basis where applicable",PPO candidate,PPO only / link,Reviewed move reassesses hierarchy and future appointments; preserve old visits.,Preserve source value and key; validate and apply only an explicitly approved mapping/conversion.,Proposed,,,,,SRC-02,"Is asset location used in the installed MYOB process, and which exact field/API representation supplies it?","Observe representative use, capture redacted evidence, confirm the endpoint contract and test in the approved non-production environment."
MYOB-033,Service,Warranty dates and coverage,Support an owned warranty decision.,Equipment/contract records — to confirm,Warranty dates / coverage evidence,Unknown — not observed,,,,Not verified,,Asset.warranty_start + warranty_end; coverage reference,Logical contract + proposed coverage link,Connection + tenant/company + entity + external key; branch where required,Dates + source reference,Before the linked workflow relies on this information,Installed source values to confirm; no guessed source enums,"Explicit source UOM, ISO currency and tax basis where applicable",Unresolved,Decision required,Dates alone do not approve free labour/parts; separate supplier and customer obligations.,Preserve source value and key; validate and apply only an explicitly approved mapping/conversion.,Proposed,,,,,SRC-02,"Is warranty dates and coverage used in the installed MYOB process, and which exact field/API representation supplies it?","Observe representative use, capture redacted evidence, confirm the endpoint contract and test in the approved non-production environment."
MYOB-034,Service,Service order source key,Reconcile operational work with an ERP order if required.,Service orders — to confirm,Service order type / number / status,Unknown — not observed,,,,Not verified,,WorkOrder external-reference link,Proposed logical destination,Connection + tenant/company + entity + external key; branch where required,Qualified reference + status,Before the linked workflow relies on this information,Installed source values to confirm; no guessed source enums,"Explicit source UOM, ISO currency and tax basis where applicable",Unresolved,Decision required,D-007 must choose the writer; a ticket is not a work order.,Preserve source value and key; validate and apply only an explicitly approved mapping/conversion.,Proposed,,,,,SRC-05,"Is service order source key used in the installed MYOB process, and which exact field/API representation supplies it?","Observe representative use, capture redacted evidence, confirm the endpoint contract and test in the approved non-production environment."
MYOB-035,Service,Appointment source key,Coordinate visits without duplicate schedules.,Appointments — to confirm,Appointment number / order link / status,Unknown — not observed,,,,Not verified,,Appointment external-reference link,Proposed logical destination,Connection + tenant/company + entity + external key; branch where required,Qualified reference + status,Before the linked workflow relies on this information,Installed source values to confirm; no guessed source enums,"Explicit source UOM, ISO currency and tax basis where applicable",Unresolved,Decision required,D-007; actual attendance and scheduling confirmation are distinct.,Preserve source value and key; validate and apply only an explicitly approved mapping/conversion.,Proposed,,,,,SRC-05,"Is appointment source key used in the installed MYOB process, and which exact field/API representation supplies it?","Observe representative use, capture redacted evidence, confirm the endpoint contract and test in the approved non-production environment."
MYOB-036,Service,Captured and reviewed labour,"Carry original, reviewed and billable quantities with attribution.",Service time — to confirm,Employee/resource / date / duration,Unknown — not observed,,,,Not verified,,Field evidence → approved handoff allocation,Logical contract,Connection + tenant/company + entity + external key; branch where required,Exact duration + unit,Before the linked workflow relies on this information,Installed source values to confirm; no guessed source enums,"Explicit source UOM, ISO currency and tax basis where applicable",Unresolved,Decision required,"Captured, approved, billable and ERP-processed time must not collapse into one field.",Preserve source value and key; validate and apply only an explicitly approved mapping/conversion.,Proposed,,,,,SRC-03,"Is captured and reviewed labour used in the installed MYOB process, and which exact field/API representation supplies it?","Observe representative use, capture redacted evidence, confirm the endpoint contract and test in the approved non-production environment."
MYOB-037,Service,Consumed and issued parts,Reconcile physical use with approved stock consequences.,Service/inventory lines — to confirm,Item / consumed quantity / warehouse issue,Unknown — not observed,,,,Not verified,,Reviewed parts evidence → target-line mapping,Logical contract,Connection + tenant/company + entity + external key; branch where required,Exact quantity + UOM,Before the linked workflow relies on this information,Installed source values to confirm; no guessed source enums,"Explicit source UOM, ISO currency and tax basis where applicable",Unresolved,Decision required,Technician consumption does not establish an ERP stock issue; prevent duplicate effects.,Preserve source value and key; validate and apply only an explicitly approved mapping/conversion.,Proposed,,,,,SRC-03,"Is consumed and issued parts used in the installed MYOB process, and which exact field/API representation supplies it?","Observe representative use, capture redacted evidence, confirm the endpoint contract and test in the approved non-production environment."
MYOB-038,Service,Report and acceptance references,Trace the exact reviewed evidence supporting Finance.,No direct ERP equivalent established,Completion / attachment / acknowledgement references,Unknown — not observed,,,,Not verified,,Report revision + customer response + handoff manifest,Logical contract,Connection + tenant/company + entity + external key; branch where required,Immutable references,Before the linked workflow relies on this information,Installed source values to confirm; no guessed source enums,"Explicit source UOM, ISO currency and tax basis where applicable",PPO candidate,PPO only / link,"Attendance acceptance, report response and finance approval remain separate.",Preserve source value and key; validate and apply only an explicitly approved mapping/conversion.,Proposed,,,,,SRC-03,"Is report and acceptance references used in the installed MYOB process, and which exact field/API representation supplies it?","Observe representative use, capture redacted evidence, confirm the endpoint contract and test in the approved non-production environment."
MYOB-039,Projects,Project source identifier,Associate coordination with the correct accounting project.,Projects — to confirm,Project identifier / status,Unknown — not observed,,,,Not verified,,Project external-reference link,Proposed logical destination,Connection + tenant/company + entity + external key; branch where required,Qualified text key,Before the linked workflow relies on this information,Installed source values to confirm; no guessed source enums,"Explicit source UOM, ISO currency and tax basis where applicable",MYOB candidate,MYOB → PPO,Do not create an ERP project merely because a CRM deal is Won.,Preserve source value and key; validate and apply only an explicitly approved mapping/conversion.,Proposed,,,,,SRC-05,"Is project source identifier used in the installed MYOB process, and which exact field/API representation supplies it?","Observe representative use, capture redacted evidence, confirm the endpoint contract and test in the approved non-production environment."
MYOB-040,Projects,Task and cost dimensions,Connect greenhouse work packages to approved cost dimensions.,Project tasks — to confirm,Task / cost code / account group,Unknown — not observed,,,,Not verified,,Work-package-to-ERP-dimension crosswalk,Proposed logical destination,Connection + tenant/company + entity + external key; branch where required,Qualified reference,Before the linked workflow relies on this information,Installed source values to confirm; no guessed source enums,"Explicit source UOM, ISO currency and tax basis where applicable",Unresolved,Decision required,Reject invalid project/task combinations; phase labels are not accounting keys.,Preserve source value and key; validate and apply only an explicitly approved mapping/conversion.,Proposed,,,,,SRC-05,"Is task and cost dimensions used in the installed MYOB process, and which exact field/API representation supplies it?","Observe representative use, capture redacted evidence, confirm the endpoint contract and test in the approved non-production environment."
MYOB-041,Engineering,Released scope and drawing reference,Bind procurement and installation to the correct technical issue.,No direct ERP equivalent established,Release / document / revision link,Unknown — not observed,,,,Not verified,,Engineering release + document manifest,Logical contract boundary,Connection + tenant/company + entity + external key; branch where required,Immutable reference,Before the linked workflow relies on this information,Installed source values to confirm; no guessed source enums,"Explicit source UOM, ISO currency and tax basis where applicable",PPO candidate,PPO only / link,Native CAD dependencies remain in authoring tools; commercial order does not approve design.,Preserve source value and key; validate and apply only an explicitly approved mapping/conversion.,Proposed,,,,,SRC-05,"Is released scope and drawing reference used in the installed MYOB process, and which exact field/API representation supplies it?","Observe representative use, capture redacted evidence, confirm the endpoint contract and test in the approved non-production environment."
MYOB-042,Projects,Commitments and actual costs,Explain financial position without double counting orders and invoices.,Project transactions — to confirm,Open commitment / posted actual / source status,Unknown — not observed,,,,Not verified,,Project financial observations,Proposed logical destination,Connection + tenant/company + entity + external key; branch where required,Exact money + definition,Before the linked workflow relies on this information,Installed source values to confirm; no guessed source enums,"Explicit source UOM, ISO currency and tax basis where applicable",MYOB,MYOB → PPO,"D-017 defines grain, cancellations, receipts and cutoffs; no inferred margin formula.",Preserve source value and key; validate and apply only an explicitly approved mapping/conversion.,Proposed,,,,,SRC-03,"Is commitments and actual costs used in the installed MYOB process, and which exact field/API representation supplies it?","Observe representative use, capture redacted evidence, confirm the endpoint contract and test in the approved non-production environment."
MYOB-043,Projects,Budget and variation references,Trace agreed commercial scope separately from forecasts.,Project budgets / transactions — to confirm,Budget version / approved variation / accounting reference,Unknown — not observed,,,,Not verified,,Project commercial-baseline crosswalk,Proposed logical destination,Connection + tenant/company + entity + external key; branch where required,Versioned reference + money,Before the linked workflow relies on this information,Installed source values to confirm; no guessed source enums,"Explicit source UOM, ISO currency and tax basis where applicable",Unresolved,Decision required,An approved PPO variation does not prove a MYOB budget update or invoice.,Preserve source value and key; validate and apply only an explicitly approved mapping/conversion.,Proposed,,,,,SRC-05,"Is budget and variation references used in the installed MYOB process, and which exact field/API representation supplies it?","Observe representative use, capture redacted evidence, confirm the endpoint contract and test in the approved non-production environment."
MYOB-044,Supply Chain,Purchase order and line identity,Relate material demand to an actual commitment.,Purchase orders — to confirm,Type / number / line / status,Unknown — not observed,,,,Not verified,,Procurement observation.purchase_order_line,Proposed logical destination,Connection + tenant/company + entity + external key; branch where required,Qualified header and line key,Before the linked workflow relies on this information,Installed source values to confirm; no guessed source enums,"Explicit source UOM, ISO currency and tax basis where applicable",MYOB,MYOB → PPO,"Preserve partial delivery, cancellation and closed-line meaning; use exact line keys.",Preserve source value and key; validate and apply only an explicitly approved mapping/conversion.,Proposed,,,,,SRC-05,"Is purchase order and line identity used in the installed MYOB process, and which exact field/API representation supplies it?","Observe representative use, capture redacted evidence, confirm the endpoint contract and test in the approved non-production environment."
MYOB-045,Supply Chain,Promised and received quantities,"Distinguish supplier promise, forecast arrival and received goods.",Purchase orders / receipts — to confirm,Promise date / received quantity / receipt key,Unknown — not observed,,,,Not verified,,Inbound supply observation,Proposed logical destination,Connection + tenant/company + entity + external key; branch where required,Dates + exact quantity,Before the linked workflow relies on this information,Installed source values to confirm; no guessed source enums,"Explicit source UOM, ISO currency and tax basis where applicable",MYOB candidate,MYOB → PPO,A promised date does not establish receipt or dispatch readiness.,Preserve source value and key; validate and apply only an explicitly approved mapping/conversion.,Proposed,,,,,SRC-05,"Is promised and received quantities used in the installed MYOB process, and which exact field/API representation supplies it?","Observe representative use, capture redacted evidence, confirm the endpoint contract and test in the approved non-production environment."
MYOB-046,Supply Chain,Lot or serial traceability,"Retain relevant traceability for controllers, pumps or batches.",Inventory receipt/issue — to confirm,Lot / serial / quantity / item,Unknown — not observed,,,,Not verified,,Material traceability crosswalk,Proposed logical destination,Connection + tenant/company + entity + external key; branch where required,Qualified reference,Before the linked workflow relies on this information,Installed source values to confirm; no guessed source enums,"Explicit source UOM, ISO currency and tax basis where applicable",MYOB,MYOB → PPO,Verify tracking class; do not invent mandatory serials for every product.,Preserve source value and key; validate and apply only an explicitly approved mapping/conversion.,Proposed,,,,,SRC-05,"Is lot or serial traceability used in the installed MYOB process, and which exact field/API representation supplies it?","Observe representative use, capture redacted evidence, confirm the endpoint contract and test in the approved non-production environment."
MYOB-047,Finance,Sales order and line identity,Track order status separately from quote or invoice.,Sales orders — to confirm,Order type / number / line / status,Unknown — not observed,,,,Not verified,,Commercial source.sales_order_line,Proposed logical destination,Connection + tenant/company + entity + external key; branch where required,Qualified header and line key,Before the linked workflow relies on this information,Installed source values to confirm; no guessed source enums,"Explicit source UOM, ISO currency and tax basis where applicable",MYOB,MYOB → PPO,"Order quantity, dispatched quantity and invoiced quantity require separate fields.",Preserve source value and key; validate and apply only an explicitly approved mapping/conversion.,Proposed,,,,,SRC-03,"Is sales order and line identity used in the installed MYOB process, and which exact field/API representation supplies it?","Observe representative use, capture redacted evidence, confirm the endpoint contract and test in the approved non-production environment."
MYOB-048,Finance,Invoice identity and status,Display the actual transaction and release state.,Invoices — to confirm,Document type / reference / status,Unknown — not observed,,,,Not verified,,Customer account observation.transaction_identity,Logical contract family,Connection + tenant/company + entity + external key; branch where required,Qualified reference + source enum,Before the linked workflow relies on this information,Installed source values to confirm; no guessed source enums,"Explicit source UOM, ISO currency and tax basis where applicable",MYOB,MYOB → PPO,Keep document type in the key; no invoice from an unverified predicted number.,Preserve source value and key; validate and apply only an explicitly approved mapping/conversion.,Proposed,,,,,SRC-03,"Is invoice identity and status used in the installed MYOB process, and which exact field/API representation supplies it?","Observe representative use, capture redacted evidence, confirm the endpoint contract and test in the approved non-production environment."
MYOB-049,Finance,Invoice dates and amount,Show original invoice value with its currency and basis.,Invoices — to confirm,Document/due date / currency / original amount,Unknown — not observed,,,,Not verified,,Customer account observation.dates_and_original_amount,Logical contract family,Connection + tenant/company + entity + external key; branch where required,Date + exact money,Before the linked workflow relies on this information,Installed source values to confirm; no guessed source enums,"Explicit source UOM, ISO currency and tax basis where applicable",MYOB,MYOB → PPO,Date-only stays date-only; invoice original is not remaining balance.,Preserve source value and key; validate and apply only an explicitly approved mapping/conversion.,Proposed,,,,,SRC-03,"Is invoice dates and amount used in the installed MYOB process, and which exact field/API representation supplies it?","Observe representative use, capture redacted evidence, confirm the endpoint contract and test in the approved non-production environment."
MYOB-050,Finance,Remaining amount,Show outstanding amount from the verified source definition.,Receivables — to confirm,Authoritative remaining amount / as-at,Unknown — not observed,,,,Not verified,,Customer account observation.remaining_amount,Logical contract family,Connection + tenant/company + entity + external key; branch where required,Exact money + cutoff,Before the linked workflow relies on this information,Installed source values to confirm; no guessed source enums,"Explicit source UOM, ISO currency and tax basis where applicable",MYOB,MYOB → PPO,Never calculate account total from the currently visible or incomplete page.,Preserve source value and key; validate and apply only an explicitly approved mapping/conversion.,Proposed,,,,,SRC-03,"Is remaining amount used in the installed MYOB process, and which exact field/API representation supplies it?","Observe representative use, capture redacted evidence, confirm the endpoint contract and test in the approved non-production environment."
MYOB-051,Finance,Target line reconciliation,Match each approved allocation to its processing outcome.,Transaction details — to confirm,Document type / reference / line / quantity / UOM,Unknown — not observed,,,,Not verified,,Finance handoff target-line mapping,Logical contract,Connection + tenant/company + entity + external key; branch where required,Qualified line + exact quantities,Before the linked workflow relies on this information,Installed source values to confirm; no guessed source enums,"Explicit source UOM, ISO currency and tax basis where applicable",MYOB,MYOB → PPO,Line splits/combines require explicit allocations; do not reconcile by grand total alone.,Preserve source value and key; validate and apply only an explicitly approved mapping/conversion.,Proposed,,,,,SRC-03,"Is target line reconciliation used in the installed MYOB process, and which exact field/API representation supplies it?","Observe representative use, capture redacted evidence, confirm the endpoint contract and test in the approved non-production environment."
MYOB-052,Finance,Applied payments and credits,Explain changed outstanding amount with application lineage.,Payments / applications — to confirm,Application key / applied amount / reversal,Unknown — not observed,,,,Not verified,,Customer account observation.applications,Logical contract family,Connection + tenant/company + entity + external key; branch where required,Qualified reference + exact money,Before the linked workflow relies on this information,Installed source values to confirm; no guessed source enums,"Explicit source UOM, ISO currency and tax basis where applicable",MYOB,MYOB → PPO,Payment received and applied payment differ; retain reversed applications.,Preserve source value and key; validate and apply only an explicitly approved mapping/conversion.,Proposed,,,,,SRC-03,"Is applied payments and credits used in the installed MYOB process, and which exact field/API representation supplies it?","Observe representative use, capture redacted evidence, confirm the endpoint contract and test in the approved non-production environment."
MYOB-053,Finance,Deposits and unapplied cash,Display unallocated cash separately.,Receipts / prepayments — to confirm,Unapplied receipt / deposit amount,Unknown — not observed,,,,Not verified,,Customer account observation.unapplied_cash,Logical contract family,Connection + tenant/company + entity + external key; branch where required,Exact money + source status,Before the linked workflow relies on this information,Installed source values to confirm; no guessed source enums,"Explicit source UOM, ISO currency and tax basis where applicable",MYOB,MYOB → PPO,Do not net against an invoice without an authoritative application.,Preserve source value and key; validate and apply only an explicitly approved mapping/conversion.,Proposed,,,,,SRC-03,"Is deposits and unapplied cash used in the installed MYOB process, and which exact field/API representation supplies it?","Observe representative use, capture redacted evidence, confirm the endpoint contract and test in the approved non-production environment."
MYOB-054,Finance,Credit and reversal lineage,Explain corrections while retaining original evidence.,Credit/adjustment documents — to confirm,Original document / successor / reversal status,Unknown — not observed,,,,Not verified,,Financial correction link,Logical contract family,Connection + tenant/company + entity + external key; branch where required,Qualified linked references,Before the linked workflow relies on this information,Installed source values to confirm; no guessed source enums,"Explicit source UOM, ISO currency and tax basis where applicable",MYOB,MYOB → PPO,A report correction or local deletion does not reverse a financial transaction.,Preserve source value and key; validate and apply only an explicitly approved mapping/conversion.,Proposed,,,,,SRC-03,"Is credit and reversal lineage used in the installed MYOB process, and which exact field/API representation supplies it?","Observe representative use, capture redacted evidence, confirm the endpoint contract and test in the approved non-production environment."
MYOB-055,Finance,Financial definition and source time,Make every financial observation assessable.,Query/export context — to confirm,Scope / cutoff / counts / completeness / definitions,Unknown — not observed,,,,Not verified,,Import-run and financial-definition references,Logical contract family,Connection + tenant/company + entity + external key; branch where required,Timestamps + versioned metadata,Before the linked workflow relies on this information,Installed source values to confirm; no guessed source enums,"Explicit source UOM, ISO currency and tax basis where applicable",MYOB + PPO run metadata,MYOB → PPO,UTC observed time differs from source-as-at; unknown values stay unknown.,Preserve source value and key; validate and apply only an explicitly approved mapping/conversion.,Proposed,,,,,SRC-03,"Is financial definition and source time used in the installed MYOB process, and which exact field/API representation supplies it?","Observe representative use, capture redacted evidence, confirm the endpoint contract and test in the approved non-production environment."
MYOB-056,Service,Warranty/return authorisation,"Keep technical finding, return, credit and supplier recovery linked.",Returns / service claims — to confirm,Return authorisation / disposition / coverage,Unknown — not observed,,,,Not verified,,Warranty/return case external references,Proposed logical destination,Connection + tenant/company + entity + external key; branch where required,Qualified references + decisions,Before the linked workflow relies on this information,Installed source values to confirm; no guessed source enums,"Explicit source UOM, ISO currency and tax basis where applicable",Unresolved,Decision required,Each consequence requires its own owner/evidence; one does not imply the others.,Preserve source value and key; validate and apply only an explicitly approved mapping/conversion.,Proposed,,,,,SRC-05,"Is warranty/return authorisation used in the installed MYOB process, and which exact field/API representation supplies it?","Observe representative use, capture redacted evidence, confirm the endpoint contract and test in the approved non-production environment."
MYOB-057,Supply Chain,Supplier recovery and return receipt,Trace physical return and commercial recovery separately.,Vendor returns / credits — to confirm,Return receipt / supplier claim / credit,Unknown — not observed,,,,Not verified,,Return and recovery crosswalk,Proposed logical destination,Connection + tenant/company + entity + external key; branch where required,Qualified references + quantities,Before the linked workflow relies on this information,Installed source values to confirm; no guessed source enums,"Explicit source UOM, ISO currency and tax basis where applicable",MYOB candidate,MYOB → PPO,No supplier credit is inferred from acceptance of a customer warranty claim.,Preserve source value and key; validate and apply only an explicitly approved mapping/conversion.,Proposed,,,,,SRC-05,"Is supplier recovery and return receipt used in the installed MYOB process, and which exact field/API representation supplies it?","Observe representative use, capture redacted evidence, confirm the endpoint contract and test in the approved non-production environment."
MYOB-058,CRM,Qualification and next activity,Preserve PPO sales follow-up while MYOB remains ERP.,No ERP equivalent required for this edition,Relationship enrichment / next action,Unknown — not observed,,,,Not verified,,Opportunity qualification + Activity,Logical contract boundary,Connection + tenant/company + entity + external key; branch where required,Owned workflow data,Before the linked workflow relies on this information,Installed source values to confirm; no guessed source enums,"Explicit source UOM, ISO currency and tax basis where applicable",PPO candidate,PPO only / link,No automatic ERP account/order creation; owner transfer preserves history.,Preserve source value and key; validate and apply only an explicitly approved mapping/conversion.,Proposed,,,,,SRC-05,"Is qualification and next activity used in the installed MYOB process, and which exact field/API representation supplies it?","Observe representative use, capture redacted evidence, confirm the endpoint contract and test in the approved non-production environment."
MYOB-059,Shared,Document identity and source revision,Reach exact controlled business evidence.,Document/attachment link — to confirm,Source file identifier / revision,Unknown — not observed,,,,Not verified,,DocumentReference + issue manifest,Logical contract,Connection + tenant/company + entity + external key; branch where required,Stable provider key + version/hash,Before the linked workflow relies on this information,Installed source values to confirm; no guessed source enums,"Explicit source UOM, ISO currency and tax basis where applicable",SharePoint,Link only,Do not use a filename as primary key; enforce source permissions and approved distribution.,Preserve source value and key; validate and apply only an explicitly approved mapping/conversion.,Proposed,,,,,SRC-01,"Is document identity and source revision used in the installed MYOB process, and which exact field/API representation supplies it?","Observe representative use, capture redacted evidence, confirm the endpoint contract and test in the approved non-production environment."
MYOB-060,Shared,Audit and correlation identity,"Trace who requested, processed and reconciled an action.",Command/import context — to confirm,External correlation / request evidence,Unknown — not observed,,,,Not verified,,Operation receipt + source mapping audit,Logical contract,Connection + tenant/company + entity + external key; branch where required,UUID + qualified external reference,Before the linked workflow relies on this information,Installed source values to confirm; no guessed source enums,"Explicit source UOM, ISO currency and tax basis where applicable",PPO candidate,PPO only / link,Record minimum redacted diagnostics; external idempotency support must be proven.,Preserve source value and key; validate and apply only an explicitly approved mapping/conversion.,Proposed,,,,,SRC-01,"Is audit and correlation identity used in the installed MYOB process, and which exact field/API representation supplies it?","Observe representative use, capture redacted evidence, confirm the endpoint contract and test in the approved non-production environment."
